Reference	Qty	Value	DNP	Exclude from BOM	Exclude from Board	Footprint	Datasheet	Description	#
C1	1	22n				Capacitor_SMD:C_0603_1608Metric_Pad1.08x0.95mm_HandSolder	~	Unpolarized capacitor	1
C2	1	2.2n				Capacitor_SMD:C_0603_1608Metric_Pad1.08x0.95mm_HandSolder	~	Unpolarized capacitor	2
C3	1	1n				Capacitor_SMD:C_0603_1608Metric_Pad1.08x0.95mm_HandSolder	~	Unpolarized capacitor	3
C4	1	2.2n				Capacitor_SMD:C_0603_1608Metric_Pad1.08x0.95mm_HandSolder	~	Unpolarized capacitor	4
C5	1	100n				Capacitor_SMD:C_0603_1608Metric_Pad1.08x0.95mm_HandSolder	~	Unpolarized capacitor	5
C6	1	2.2u				Capacitor_SMD:C_0603_1608Metric_Pad1.08x0.95mm_HandSolder	~	Unpolarized capacitor	6
C7	1	100n				Capacitor_SMD:C_0603_1608Metric_Pad1.08x0.95mm_HandSolder	~	Unpolarized capacitor	7
C8	1	2.2u				Capacitor_SMD:C_0603_1608Metric_Pad1.08x0.95mm_HandSolder	~	Unpolarized capacitor	8
C9	1	100n				Capacitor_SMD:C_0603_1608Metric_Pad1.08x0.95mm_HandSolder	~	Unpolarized capacitor	9
C10	1	2.2u				Capacitor_SMD:C_0603_1608Metric_Pad1.08x0.95mm_HandSolder	~	Unpolarized capacitor	10
C11	1	1n				Capacitor_SMD:C_0603_1608Metric_Pad1.08x0.95mm_HandSolder	~	Unpolarized capacitor	11
C12	1	100n				Capacitor_SMD:C_0603_1608Metric_Pad1.08x0.95mm_HandSolder	~	Unpolarized capacitor	12
C13	1	2.2u				Capacitor_SMD:C_0603_1608Metric_Pad1.08x0.95mm_HandSolder	~	Unpolarized capacitor	13
C14	1	100n				Capacitor_SMD:C_0603_1608Metric_Pad1.08x0.95mm_HandSolder	~	Unpolarized capacitor	14
C15	1	2.2u				Capacitor_SMD:C_0603_1608Metric_Pad1.08x0.95mm_HandSolder	~	Unpolarized capacitor	15
C16	1	100n				Capacitor_SMD:C_0603_1608Metric_Pad1.08x0.95mm_HandSolder	~	Unpolarized capacitor	16
C17	1	4.7u				Capacitor_SMD:C_0603_1608Metric_Pad1.08x0.95mm_HandSolder	~	Unpolarized capacitor	17
C18	1	22u				Capacitor_SMD:C_0805_2012Metric_Pad1.18x1.45mm_HandSolder	~	Unpolarized capacitor	18
C19	1	100n				Capacitor_SMD:C_0603_1608Metric_Pad1.08x0.95mm_HandSolder	~	Unpolarized capacitor	19
C20	1	4.7u				Capacitor_SMD:C_0603_1608Metric_Pad1.08x0.95mm_HandSolder	~	Unpolarized capacitor	20
C21	1	4.7u				Capacitor_SMD:C_0603_1608Metric_Pad1.08x0.95mm_HandSolder	~	Unpolarized capacitor	21
C22	1	2.2u				Capacitor_SMD:C_0603_1608Metric_Pad1.08x0.95mm_HandSolder	~	Unpolarized capacitor	22
C23	1	4.7u				Capacitor_SMD:C_0603_1608Metric_Pad1.08x0.95mm_HandSolder	~	Unpolarized capacitor	23
C24	1	22u				Capacitor_SMD:C_0805_2012Metric_Pad1.18x1.45mm_HandSolder	~	Unpolarized capacitor	24
C25	1	22u				Capacitor_SMD:C_0805_2012Metric_Pad1.18x1.45mm_HandSolder	~	Unpolarized capacitor	25
C26	1	100n				Capacitor_SMD:C_0603_1608Metric_Pad1.08x0.95mm_HandSolder	~	Unpolarized capacitor	26
C27	1	4.7u				Capacitor_SMD:C_0603_1608Metric_Pad1.08x0.95mm_HandSolder	~	Unpolarized capacitor	27
C28	1	22u				Capacitor_SMD:C_0805_2012Metric_Pad1.18x1.45mm_HandSolder	~	Unpolarized capacitor	28
C29	1	100n				Capacitor_SMD:C_0603_1608Metric_Pad1.08x0.95mm_HandSolder	~	Unpolarized capacitor	29
C30	1	4.7u				Capacitor_SMD:C_0603_1608Metric_Pad1.08x0.95mm_HandSolder	~	Unpolarized capacitor	30
C31	1	4.7u				Capacitor_SMD:C_0603_1608Metric_Pad1.08x0.95mm_HandSolder	~	Unpolarized capacitor	31
C32	1	4.7u				Capacitor_SMD:C_0603_1608Metric_Pad1.08x0.95mm_HandSolder	~	Unpolarized capacitor	32
C33	1	4.7u				Capacitor_SMD:C_0603_1608Metric_Pad1.08x0.95mm_HandSolder	~	Unpolarized capacitor	33
C34	1	22u				Capacitor_SMD:C_0805_2012Metric_Pad1.18x1.45mm_HandSolder	~	Unpolarized capacitor	34
C35	1	22u				Capacitor_SMD:C_0805_2012Metric_Pad1.18x1.45mm_HandSolder	~	Unpolarized capacitor	35
C36	1	4.7u				Capacitor_SMD:C_0603_1608Metric_Pad1.08x0.95mm_HandSolder	~	Unpolarized capacitor	36
C37	1	4.7u				Capacitor_SMD:C_0603_1608Metric_Pad1.08x0.95mm_HandSolder	~	Unpolarized capacitor	37
C38	1	4.7u				Capacitor_SMD:C_0603_1608Metric_Pad1.08x0.95mm_HandSolder	~	Unpolarized capacitor	38
C39	1	10u				Capacitor_SMD:C_0603_1608Metric_Pad1.08x0.95mm_HandSolder	~	Unpolarized capacitor	39
C40	1	4.7u				Capacitor_SMD:C_0603_1608Metric_Pad1.08x0.95mm_HandSolder	~	Unpolarized capacitor	40
C41	1	4.7u				Capacitor_SMD:C_0603_1608Metric_Pad1.08x0.95mm_HandSolder	~	Unpolarized capacitor	41
C42	1	4.7u				Capacitor_SMD:C_0603_1608Metric_Pad1.08x0.95mm_HandSolder	~	Unpolarized capacitor	42
C43	1	100n				Capacitor_SMD:C_0603_1608Metric_Pad1.08x0.95mm_HandSolder	~	Unpolarized capacitor	43
C44	1	4.7u				Capacitor_SMD:C_0603_1608Metric_Pad1.08x0.95mm_HandSolder	~	Unpolarized capacitor	44
C45	1	4.7u				Capacitor_SMD:C_0603_1608Metric_Pad1.08x0.95mm_HandSolder	~	Unpolarized capacitor	45
C46	1	10u				Capacitor_SMD:C_0603_1608Metric_Pad1.08x0.95mm_HandSolder	~	Unpolarized capacitor	46
C47	1	4.7u				Capacitor_SMD:C_0603_1608Metric_Pad1.08x0.95mm_HandSolder	~	Unpolarized capacitor	47
C48	1	4.7u				Capacitor_SMD:C_0603_1608Metric_Pad1.08x0.95mm_HandSolder	~	Unpolarized capacitor	48
C49	1	4.7u				Capacitor_SMD:C_0603_1608Metric_Pad1.08x0.95mm_HandSolder	~	Unpolarized capacitor	49
C50	1	100n				Capacitor_SMD:C_0603_1608Metric_Pad1.08x0.95mm_HandSolder	~	Unpolarized capacitor	50
C51	1	4.7u				Capacitor_SMD:C_0603_1608Metric_Pad1.08x0.95mm_HandSolder	~	Unpolarized capacitor	51
C52	1	4.7u				Capacitor_SMD:C_0603_1608Metric_Pad1.08x0.95mm_HandSolder	~	Unpolarized capacitor	52
C53	1	10n				Capacitor_SMD:C_0603_1608Metric_Pad1.08x0.95mm_HandSolder	~	Unpolarized capacitor	53
C54	1	4.7u				Capacitor_SMD:C_0603_1608Metric_Pad1.08x0.95mm_HandSolder	~	Unpolarized capacitor	54
C55	1	4.7u				Capacitor_SMD:C_0603_1608Metric_Pad1.08x0.95mm_HandSolder	~	Unpolarized capacitor	55
C56	1	4.7u				Capacitor_SMD:C_0603_1608Metric_Pad1.08x0.95mm_HandSolder	~	Unpolarized capacitor	56
C57	1	100n				Capacitor_SMD:C_0603_1608Metric_Pad1.08x0.95mm_HandSolder	~	Unpolarized capacitor	57
C58	1	4.7u				Capacitor_SMD:C_0603_1608Metric_Pad1.08x0.95mm_HandSolder	~	Unpolarized capacitor	58
C59	1	4.7u				Capacitor_SMD:C_0603_1608Metric_Pad1.08x0.95mm_HandSolder	~	Unpolarized capacitor	59
C60	1	10n				Capacitor_SMD:C_0603_1608Metric_Pad1.08x0.95mm_HandSolder	~	Unpolarized capacitor	60
C61	1	4.7u				Capacitor_SMD:C_0603_1608Metric_Pad1.08x0.95mm_HandSolder	~	Unpolarized capacitor	61
C62	1	4.7u				Capacitor_SMD:C_0603_1608Metric_Pad1.08x0.95mm_HandSolder	~	Unpolarized capacitor	62
C63	1	4.7u				Capacitor_SMD:C_0603_1608Metric_Pad1.08x0.95mm_HandSolder	~	Unpolarized capacitor	63
C64	1	100n				Capacitor_SMD:C_0603_1608Metric_Pad1.08x0.95mm_HandSolder	~	Unpolarized capacitor	64
C65	1	4.7u				Capacitor_SMD:C_0603_1608Metric_Pad1.08x0.95mm_HandSolder	~	Unpolarized capacitor	65
C66	1	4.7u				Capacitor_SMD:C_0603_1608Metric_Pad1.08x0.95mm_HandSolder	~	Unpolarized capacitor	66
C67	1	4.7u				Capacitor_SMD:C_0603_1608Metric_Pad1.08x0.95mm_HandSolder	~	Unpolarized capacitor	67
R1	1	16m				Resistor_SMD:R_2512_6332Metric_Pad1.40x3.35mm_HandSolder	~	Resistor	68
R2	1	16m				Resistor_SMD:R_2512_6332Metric_Pad1.40x3.35mm_HandSolder	~	Resistor	69
R3	1	10				Resistor_SMD:R_0603_1608Metric_Pad0.98x0.95mm_HandSolder	~	Resistor	70
R4	1	10				Resistor_SMD:R_0603_1608Metric_Pad0.98x0.95mm_HandSolder	~	Resistor	71
R5	1	51				Resistor_SMD:R_0603_1608Metric_Pad0.98x0.95mm_HandSolder	~	Resistor	72
R6	1	39k				Resistor_SMD:R_0603_1608Metric_Pad0.98x0.95mm_HandSolder	~	Resistor	73
R7	1	2k				Resistor_SMD:R_0603_1608Metric_Pad0.98x0.95mm_HandSolder	~	Resistor	74
R8	1	3.9k				Resistor_SMD:R_0603_1608Metric_Pad0.98x0.95mm_HandSolder	~	Resistor	75
R9	1	100				Resistor_SMD:R_0603_1608Metric_Pad0.98x0.95mm_HandSolder	~	Resistor	76
R10	1	51				Resistor_SMD:R_0603_1608Metric_Pad0.98x0.95mm_HandSolder	~	Resistor	77
R11	1	100k				Resistor_SMD:R_0603_1608Metric_Pad0.98x0.95mm_HandSolder	~	Resistor	78
R12	1	470K				Resistor_SMD:R_0402_1005Metric_Pad0.72x0.64mm_HandSolder	~	Resistor	79
U1	1	~				AD8410ABWRZ:AD8410ABWRZ			80
U2	1	~				LT6202IS8:LT6202IS8			81
U3	1	~				LT6202IS8:LT6202IS8			82
U4	1	~				LTC2368IMS-16:LTC2368IMS-16			83
U5	1	~				LTC2368IMS-16:LTC2368IMS-16			84
U6	1	~				LTC6655LNBHMS8:LTC6655LNBHMS8			85
U7	1	~				LTC6655LNBHMS8:LTC6655LNBHMS8			86
U8	1	~				LT1762EMS8-2.5:LT1762EMS8-2.5			87
U9	1	~				LT1761IS5-3.3:LT1761IS5-3.3			88
U10	1	~				ESP32-S3-DevKitC:ESP32-S3-DevKitC			89
U11	1	~				ADUM4150BRIZ:ADUM4150BRIZ			90
X1	1	~				Connectors_Updated:Connectors			91
X2	1	~				Connectors_Updated:Connectors			92
X3	1	~				Connectors_Updated:Connectors			93
X4	1	~				AKL073-3:AKL073-3.pretty			94
X5	1	~				MPE-087-1-002(New):MPE-087-1-002	~	Jumper, 2-pole, closed/bridged	95
X6	1	~				AKL072:AKL072			96
X7	1	~				MPE-087-1-002(New):MPE-087-1-002	~	Jumper, 2-pole, closed/bridged	97
X8	1	~				MPE-087-1-002(New):MPE-087-1-002	~	Jumper, 2-pole, closed/bridged	98
X9	1	~				RTM:rtm			99
X10	1	~				RTM:rtm			100
